1,В часы забав иль праздной скуки,"В часы забав иль праздной скуки,
Бывало, лире я моей
Вверял изнеженные звуки
Безумства, лени и страстей.

Но и тогда струны лукавой
Невольно звон я прерывал,
Когда твой голос величавый
Меня внезапно поражал.

Я лил потоки слез нежданных,
И ранам совести моей
Твоих речей благоуханных
Отраден чистый был елей.

И ныне с высоты духовной
Мне руку простираешь ты,
И силой кроткой и любовной
Смиряешь буйные мечты.

Твоим огнем душа палима
Отвергла мрак земных сует,
И внемлет арфе серафима
В священном ужасе поэт.",1830
2,Памятник,"Я памятник себе воздвиг нерукотворный,
К нему не зарастет народная тропа,
Вознесся выше он главою непокорной
Александрийского столпа.

Нет, весь я не умру — душа в заветной лире
Мой прах переживет и тленья убежит —
И славен буду я, доколь в подлунном мире
Жив будет хоть один пиит.

Слух обо мне пойдет по всей Руси великой,
И назовет меня всяк сущий в ней язык,
И гордый внук славян, и финн, и ныне дикой
Тунгус, и друг степей калмык.

И долго буду тем любезен я народу,
Что чувства добрые я лирой пробуждал,
Что в мой жестокий век восславил я свободу
И милость к падшим призывал.

Веленью божию, о муза, будь послушна;
Обиды не страшась, не требуя венца,
Хвалу и клевету приемли равнодушно
И не оспоривай глупца.",1836
3,Пророк,"Духовной жаждою томим,
В пустыне мрачной я влачился,
И шестикрылый серафим
На перепутье мне явился.
Перстами легкими как сон
Моих зениц коснулся он:
Отверзлись вещие зеницы,
Как у испуганной орлицы.

Моих ушей коснулся он,
И их наполнил шум и звон:
И внял я неба содроганье,
И горний ангелов полет,

И гад морских подводный ход,
И дольней лозы прозябанье.
И он к устам моим приник,
И вырвал грешный мой язык,

И празднословный и лукавый,
И жало мудрыя змеи
В уста замершие мои
Вложил десницею кровавой.

И он мне грудь рассек мечом,
И сердце трепетное вынул,
И угль, пылающий огнем,
Во грудь отверстую водвинул.

Как труп в пустыне я лежал,
И бога глас ко мне воззвал:
""Востань, пророк, и виждь, и внемли,
Исполнись волею моей

И, обходя моря и земли,
Глаголом жги сердца людей.""",1826
4,Зимнее утро,"Мороз и солнце; день чудесный!
Еще ты дремлешь, друг прелестный –
Пора, красавица, проснись;
Открой сомкнуты негой взоры
Навстречу северной Авроры,
Звездою севера явись!
Вечор, ты помнишь, вьюга злилась,
На мутном небе мгла носилась;

Луна, как бледное пятно,
Сквозь тучи мрачные желтела,
И ты печальная сидела –
А нынче... погляди в окно:

Под голубыми небесами
Великолепными коврами,
Блестя на солнце, снег лежит;
Прозрачный лес один чернеет,

И ель сквозь иней зеленеет,
И речка подо льдом блестит.
Вся комната янтарным блеском
Озарена. Веселым треском

Трещит затопленная печь.
Приятно думать у лежанки.
Но знаешь: не велеть ли в санки
Кобылку бурую запречь?

Скользя по утреннему снегу,
Друг милый, предадимся бегу
Нетерпеливого коня
И навестим поля пустые,

Леса, недавно столь густые,
И берег, милый для меня.",1829
5,Молитва,"Отцы пустынники и жены непорочны,
Чтоб сердцем возлетать во области заочны,
Чтоб укреплять его средь дольных бурь и битв,
Сложили множество божественных молитв;
Но ни одна из них меня не умиляет,
Как та, которую священник повторяет
Во дни печальные Великого поста;
Всех чаще мне она приходит на уста

И падшего крепит неведомою силой:
Владыко дней моих!
Дух праздности унылой,
Любоначалия, змеи сокрытой сей,
И празднословия не дай душе моей.

Но дай мне зреть мои, о Боже, прегрешения.
Да брат мой от меня не примет осуждения,
И дух смирения, терпения, любви
И целомудрия мне в сердце оживи.",1836
6,Узник,"Сижу за решеткой в темнице сырой.
Вскормленный в неволе орел молодой,
Мой грустный товарищ, махая крылом,
Кровавую пищу клюет под окном,

Клюет, и бросает, и смотрит в окно,
Как будто со мною задумал одно.
Зовет меня взглядом и криком своим
И вымолвить хочет: «Давай, улетим!

Мы вольные птицы; пора, брат, пора!
Туда, где за тучей белеет гора,
Туда, где синеют морские края,
Туда, где гуляем лишь ветер... да я!..»",1822
7,Возрождение,"Художник-варвар кистью сонной
Картину гения чернит
И свой рисунок беззаконный
Над ней бессмысленно чертит.
Но краски чуждые, с летами,
Спадают ветхой чешуей;
Созданье гения пред нами
Выходит с прежней красотой.

Так исчезают заблужденья
С измученной души моей,
И возникают в ней виденья
Первоначальных, чистых дней.",1819
8,Я помню чудное мгновенье,"Я помню чудное мгновенье:
Передо мной явилась ты,
Как мимолетное виденье,
Как гений чистой красоты.
В томленьях грусти безнадежной,
В тревогах шумной суеты,
Звучал мне долго голос нежный
И снились милые черты.

Шли годы. Бурь порыв мятежный
Рассеял прежние мечты,
И я забыл твой голос нежный,
Твои небесные черты.

В глуши, во мраке заточенья
Тянулись тихо дни мои
Без божества, без вдохновенья,
Без слез, без жизни, без любви.

Душе настало пробужденье:
И вот опять явилась ты,
Как мимолетное виденье,
Как гений чистой красоты.

И сердце бьется в упоенье,
И для него воскресли вновь
И божество, и вдохновенье,
И жизнь, и слезы, и любовь.",1825
9,Зимний вечер,"Буря мглою небо кроет,
Вихри снежные крутя;
То, как зверь, она завоет,
То заплачет, как дитя,
То по кровле обветшалой
Вдруг соломой зашумит,
То, как путник запоздалый,
К нам в окошко застучит.
Наша ветхая лачужка
И печальна, и темна.
Что же ты, моя старушка,
Приумолкла у окна?
Или бури завываньем
Ты, мой друг, утомлена,
Или дремлешь под жужжаньем
Своего веретена?

Выпьем, добрая подружка
Бедной юности моей,
Выпьем с горя; где же кружка?
Сердцу будет веселей.
Спой мне песню, как синица
Тихо за морем жила;
Спой мне песню, как девица
За водой поутру шла.

Буря мглою небо кроет,
Вихри снежные крутя;
То, как зверь, она завоет,
То заплачет, как дитя.
Выпьем, добрая подружка
Бедной юности моей,
Выпьем с горя; где же кружка?
Сердцу будет веселей",1825
10,Признание,"
Я вас люблю, хоть я бешусь,
Хоть это труд и стыд напрасный,
И в этой глупости несчастной
У ваших ног я признаюсь!
Мне не к лицу и не по летам...
Пора, пора мне быть умней!
Но узнаю по всем приметам
Болезнь любви в душе моей:

Без вас мне скучно, — я зеваю;
При вас мне грустно, — я терплю;
И, мочи нет, сказать желаю,
Мой ангел, как я вас люблю!

Когда я слышу из гостиной
Ваш легкий шаг, иль платья шум,
Иль голос девственный, невинный,
Я вдруг теряю весь свой ум.

Вы улыбнетесь, — мне отрада;
Вы отвернетесь, — мне тоска;
За день мучения — награда
Мне ваша бледная рука.

Когда за пяльцами прилежно
Сидите вы, склонясь небрежно,
Глаза и кудри опустя, —
Я в умиленье, молча, нежно
Любуюсь вами, как дитя!..

Сказать ли вам мое несчастье,
Мою ревнивую печаль,
Когда гулять, порой в ненастье,
Вы собираетеся вдаль?

И ваши слезы в одиночку,
И речи в уголку вдвоем,
И путешествия в Опочку,
И фортепьяно вечерком?..

Алина! сжальтесь надо мною.
Не смею требовать любви.
Быть может, за грехи мои,
Мой ангел, я любви не стою!

Но притворитесь! Этот взгляд
Все может выразить так чудно!
Ах, обмануть меня нетрудно!..
Я сам обманываться рад!",1826
11,Воспоминание,"Когда для смертного умолкнет шумный день
И на немые стогны града
Полупрозрачная наляжет ночи тень,
И сон, дневных трудов награда,
В то время для меня влачатся в тишине
Часы томительного бденья:
В бездействии ночном живей горят во мне
Змеи сердечной угрызенья;
Мечты кипят; в уме, подавленном тоской,
Теснится тяжких дум избыток;
Воспоминание безмолвно предо мной
Свой длинный развивает свиток:
И, с отвращением читая жизнь мою,
Я трепещу, и проклинаю,
И горько жалуюсь, и горько слезы лью,-
Но строк печальных не смываю.",1828
12,Монастырь на Казбеке,"Высоко над семьею гор,
Казбек, твой царственный шатер
Сияет вечными лучами.
Твой монастырь за облаками,
Как в небе реющий ковчег,
Парит, чуть видный, над горами.
Далекий, вожделенный брег!

Туда б, сказав прости ущелью,
Подняться к вольной вышине!
Туда б, в заоблачную келью,
В соседство бога скрыться мне!..",1829
13,Зимняя дорога,"Сквозь волнистые туманы 
Пробирается луна, 
На печальные поляны 
Льет печально свет она.
По дороге зимней, скучной 
Тройка борзая бежит, 
Колокольчик однозвучный 
Утомительно гремит.
Что-то слышится родное 
В долгих песнях ямщика: 
То разгулье удалое, 
То сердечная тоска...
Ни огня, ни черной хаты, 
Глушь и снег... Навстречу мне 
Только версты полосаты 
Попадаются одне...
Скучно, грустно... завтра, Нина, 
Завтра к милой возвратясь, 
Я забудусь у камина, 
Загляжусь, не наглядясь.
Звучно стрелка часовая 
Мерный круг свой совершит, 
И, докучных удаляя, 
Полночь нас не разлучит.
Грустно, Нина: путь мой скучен, 
Дремля смолкнул мой ямщик. 
Колокольчик однозвучен, 
Отуманен лунный лик.",1826
14,Няне,"Подруга дней моих суровых,
Голубка дряхлая моя!
Одна в глуши лесов сосновых
Давно, давно ты ждешь меня.

Ты под окном своей светлицы
Горюешь, будто на часах,
И медлят поминутно спицы
В твоих наморщенных руках.

Глядишь в забытые вороты
На черный отдаленный путь:
Тоска, предчувствия, заботы
Теснят твою всечасно грудь.
То чудится тебе . . . . . . . .",1826
15,Во глубине сибирских руд,"Во глубине сибирских руд
Храните гордое терпенье,
Не пропадет ваш скорбный труд
И дум высокое стремленье.

Несчастью верная сестра,
Надежда в мрачном подземелье
Разбудит бодрость и веселье,
Придет желанная пора:

Любовь и дружество до вас
Дойдут сквозь мрачные затворы,
Как в ваши каторжные норы
Доходит мой свободный глас.

Оковы тяжкие падут,
Темницы рухнут — и свобода
Вас примет радостно у входа,
И братья меч вам отдадут.",1827
16,"Дар напрасный, дар случайный","Дар напрасный, дар случайный,
Жизнь, зачем ты мне дана?
Иль зачем судьбою тайной
Ты на казнь осуждена?

Кто меня враждебной властью
Из ничтожества воззвал,
Душу мне наполнил страстью,
Ум сомненьем взволновал?..

Цели нет передо мною:
Сердце пусто, празден ум,
И томит меня тоскою
Однозвучный жизни шум.",1828
17,"Не пой, красавица","Не пой, красавица, при мне
Ты песен Грузии печальной:
Напоминают мне оне
Другую жизнь и берег дальный.

Увы! напоминают мне
Твои жестокие напевы
И степь, и ночь — и при луне
Черты далекой, бедной девы...

Я призрак милый, роковой,
Тебя увидев, забываю;
Но ты поешь — и предо мной
Его я вновь воображаю.

Не пой, красавица, при мне
Ты песен Грузии печальной:
Напоминают мне оне
Другую жизнь и берег дальный.",1828
18,Предчувствие,"Снова тучи надо мною
Собралися в тишине;
Рок завистливой бедою
Угрожает снова мне...
Сохраню ль к судьбе презренье?
Понесу ль навстречу ей
Непреклонность и терпенье
Гордой юности моей?

Бурной жизнью утомленный,
Равнодушно бури жду:
Может быть, еще спасенный,
Снова пристань я найду...
Но, предчувствуя разлуку,
Неизбежный, грозный час,
Сжать твою, мой ангел, руку
Я спешу в последний раз.

Ангел кроткий, безмятежный,
Тихо молви мне: прости,
Опечалься: взор свой нежный
Подыми иль опусти;
И твое воспоминанье
Заменит душе моей
Силу, гордость, упованье
И отвагу юных дней.",1828
19,Анчар(древо яда),"В пустыне чахлой и скупой,
На почве, зноем раскаленной,
Анчар, как грозный часовой,
Стоит — один во всей вселенной.

Природа жаждущих степей
Его в день гнева породила
И зелень мертвую ветвей,
И корни ядом напоила.

Яд каплет сквозь его кору,
К полудню растопясь от зною,
И застывает ввечеру
Густой, прозрачною смолою.

К нему и птица не летит,
И тигр нейдет — лишь вихорь черный
На древо смерти набежит
И мчится прочь уже тлетворный.

И если туча оросит,
Блуждая, лист его дремучий,
С его ветвей уж ядовит
Стекает дождь в песок горючий.

Но человека человек
Послал к анчару властным взглядом,
И тот послушно в путь потек
И к утру возвратился с ядом.

Принес он смертную смолу
Да ветвь с увядшими листами,
И пот по бледному челу
Струился хладными ручьями;

Принес — и ослабел, и лег
Под сводом шалаша на лыки,
И умер бедный раб у ног
Непобедимого владыки.

А царь тем ядом напитал
Свои послушливые стрелы
И с ними гибель разослал
К соседям в чуждые пределы.",1828
20,Дорожные жалобы,"Долго ль мне гулять на свете
То в коляске, то верхом,
То в кибитке, то в карете,
То в коляске, то пешком?

Не в наследственной берлоге,
Не средь отческих могил,
На большой мне, знать, дороге
Умереть господь судил,

На каменьях под копытом,
На горе под колесом
Иль во рву, водой размытом,
Под разобранным мостом.

Иль чума меня подцепит,
Иль мороз окостенит,
Иль мне в лоб шлагбаум влепит
Непроворный инвалид.

Иль в лесу под нож злодею
Попадуся в стороне,
Иль со скуки околею
Где-нибудь в карантине.

Долго ль мне в тоске голодной
Пост невольный соблюдать
И телятиной холодной
Трюфли Яра поминать?

То ли дело быть на месте,
По Мясницкой разъезжать,
О деревне, о невесте
На досуге помышлять!

То ли дело рюмка рома,
Ночью сон, поутру чай;
То ли дело, братцы, дома!..
Ну, пошел же, погоняй!..",1830
21,Я вас любил,"Я вас любил: любовь еще, быть может 
В душе моей угасла не совсем; 
Но пусть она вас больше не тревожит; 
Я не хочу печалить вас ничем.
Я вас любил безмолвно, безнадежно, 
То робостью, то ревностью томим; 
Я вас любил так искренно, так нежно, 
Как дай вам бог любимой быть другим.",1829
22,Брожу ли я вдоль улиц шумных,"Брожу ли я вдоль улиц шумных,
Вхожу ль во многолюдный храм,
Сижу ль меж юношей безумных, —
Я предаюсь моим мечтам.

Я говорю: промчатся годы,
И сколько здесь ни видно нас,
Мы все сойдем под вечны своды —
И чей-нибудь уж близок час.

Гляжу ль на дуб уединенный,
Я мыслю: патриарх лесов
Переживет мой век забвеннный,
Как пережил он век отцов.

Младенца ль милого ласкаю,
Уже я думаю: прости!
Тебе я место уступаю:
Мне время тлеть, тебе цвести.

День каждый, каждую годину
Привык я думой провожать,
Грядущей смерти годовщину
Меж их стараясь угадать.

И где мне смерть пошлет судьбина?
В бою ли, в странствии, в волнах?
Или соседняя долина
Мой примет охладелый прах?

И хоть бесчувственному телу
Равно повсюду истлевать,
Но ближе к милому пределу
Мне все б хотелось почивать.

И пусть у гробового входа
Младая будет жизнь играть
И равнодушная природа
Красою вечною сиять.",1829
23,Когда твои младые лета,"Когда твои младые лета 
Позорит шумная молва 
И ты, по приговору света, 
На честь утратила права,
Один, среди толпы холодной, 
Твои страданья я делю 
И за тебя мольбой бесплодной 
Кумир бесчувственный молю.
Но свет... Жестоких осуждений 
Не изменяет он своих: 
Он не карает заблуждений, 
Но тайны требует для них.
Достойны равного презренья 
Его тщеславная любовь 
И лицемерные гоненья: 
К забвенью сердце приготовь;
Не пей мучительной отравы; 
Оставь блестящий, душный круг; 
Оставь минутные забавы: 
Тебе один остался друг.",1829
24,Что в имени тебе моем?,"Что в имени тебе моем? 
Оно умрет, как шум печальный 
Волны, плеснувшей в берег дальный, 
Как звук ночной в лесу глухом.
Оно на памятном листке 
Оставит мертвый след, подобный 
Узору надписи надгробной 
На непонятном языке.
Что в нем? Забытое давно 
В волненьях новых и мятежных, 
Твоей душе не даст оно 
Воспоминаний чистых, нежных.
Но в день печали, в тишине, 
Произнеси его тоскуя; 
Скажи: есть память обо мне, 
Есть в мире сердце, где живу я..",1830
25,"Мчатся тучи, вьются тучи","Мчатся тучи, вьются тучи;
Невидимкою луна
Освещает снег летучий;
Мутно небо, ночь мутна.
Еду, еду в чистом поле;
Колокольчик дин-дин-дин...
Страшно, страшно поневоле
Средь неведомых равнин!

«Эй, пошел, ямщик!..» — «Нет мочи:
Коням, барин, тяжело;
Вьюга мне слипает очи;
Все дороги занесло;
Хоть убей, следа не видно;
Сбились мы. Что делать нам!
В поле бес нас водит, видно,
Да кружит по сторонам.

Посмотри: вон, вон играет,
Дует, плюет на меня;
Вот — теперь в овраг толкает
Одичалого коня;
Там верстою небывалой
Он торчал передо мной;
Там сверкнул он искрой малой
И пропал во тьме пустой».

Мчатся тучи, вьются тучи;
Невидимкою луна
Освещает снег летучий;
Мутно небо, ночь мутна.
Сил нам нет кружиться доле;
Колокольчик вдруг умолк;
Кони стали... — «Что там в поле?» —
«Кто их знает? пень иль волк?»

Вьюга злится, вьюга плачет;
Кони чуткие храпят;
Вот уж он далече скачет,
Лишь глаза во мгле горят;
Кони снова понеслися;
Колокольчик дин-дин-дин...
Вижу: духи собралися
Средь белеющих равнин.

Бесконечны, безобразны,
В мутной месяца игре
Закружились бесы разны,
Будто листья в ноябре...
Сколько их! куда их гонят?
Что так жалобно поют?
Домового ли хоронят,
Ведьму ль замуж выдают?

Мчатся тучи, вьются тучи;
Невидимкою луна
Освещает снег летучий;
Мутно небо, ночь мутна.
Мчатся бесы рой за роем
В беспредельной вышине,
Визгом жалобным и воем
Надрывая сердце мне...",1830
26,Не дай мне Бог сойти с ума,"
Не дай мне бог сойти с ума.
Нет, легче посох и сума;
Нет, легче труд и глад.
Не то, чтоб разумом моим
Я дорожил; не то, чтоб с ним
Расстаться был не рад:

Когда б оставили меня
На воле, как бы резво я
Пустился в темный лес!
Я пел бы в пламенном бреду,
Я забывался бы в чаду
Нестройных, чудных грез.

И я б заслушивался волн,
И я глядел бы, счастья полн,
В пустые небеса;
И силен, волен был бы я,
Как вихорь, роющий поля,
Ломающий леса.

Да вот беда: сойди с ума,
И страшен будешь, как чума,
Как раз тебя запрут,
Посадят на цепь дурака
И сквозь решетку, как зверка,
Дразнить тебя придут.

А ночью слышать буду я
Не голос яркий соловья,
Не шум глухой дубров —
А крик товарищей моих
Да брань смотрителей ночных,
Да визг, да звон оков.",1833
27,Туча,"
Последняя туча рассеянной бури!
Одна ты несешся по ясной лазури,
Одна ты наводишь унылую тень,
Одна ты печалишь ликующий день.

Ты небо недавно кругом облегала,
И молния грозно тебя обвивала;
И ты издавала таинственный гром
И алчную землю поила дождем.

Довольно, сокройся! Пора миновалась,
Земля освежилась, и буря промчалась,
И ветер, лаская листочки древес,
Тебя с успокоенных гонит небес.",1835
28,Демон,"В те дни, когда мне были новы
Все впечатленья бытия —
И взоры дев, и шум дубровы,
И ночью пенье соловья,—

Когда возвышенные чувства,
Свобода, слава и любовь
И вдохновенные искусства
Так сильно волновали кровь,

Часы надежд и наслаждений
Тоской внезапной осеня,
Тогда какой-то злобный гений
Стал тайно навещать меня.

Печальны были наши встречи:
Его улыбка, чудный взгляд,
Его язвительные речи
Вливали в душу хладный яд.

Неистощимой клеветою
Он провиденье искушал;
Он звал прекрасное мечтою;
Он вдохновенье презирал;

Не верил он любви, свободе;
На жизнь насмешливо глядел —
И ничего во всей природе
Благословить он не хотел.",1823
29,Простишь ли мне ревнивые мечты,"
Простишь ли мне ревнивые мечты,
Моей любви безумное волненье?
Ты мне верна: зачем же любишь ты
Всегда пугать мое воображенье?

Окружена поклонников толпой,
Зачем для всех казаться хочешь милой,
И всех дарит надеждою пустой
Твой чудный взор, то нежный, то унылый?

Мной овладев, мне разум омрачив,
Уверена в любви моей несчастной,
Не видишь ты, когда, в толпе их страстной
Беседы чужд, один и молчалив,

Терзаюсь я досадой одинокой;
Ни слова мне, ни взгляда... друг жестокий!
Хочу ль бежать,— с боязнью и мольбой
Твои глаза не следуют за мной.

Заводит ли красавица другая
Двусмысленный со мною разговор,—
Спокойна ты; веселый твой укор
Меня мертвит, любви не выражая.

Скажи еще: соперник вечный мой,
Наедине застав меня с тобой,
Зачем тебя приветствует лукаво?..
Что ж он тебе? Скажи, какое право

Имеет он бледнеть и ревновать?..
В нескромный час меж вечера и света,
Без матери, одна, полуодета,
Зачем его должна ты принимать?..

Но я любим... Наедине со мною
Ты так нежна! Лобзания твои
Так пламенны! Слова твоей любви
Так искренно полны твоей душою!

Тебе смешны мучения мои;
Но я любим, тебя я понимаю.
Мой милый друг, не мучь меня, молю:
Не знаешь ты, как сильно я люблю,
Не знаешь ты, как тяжко я страдаю.",1823
30,Телега жизни,"Хоть тяжело подчас в ней бремя,
Телега на ходу легка;
Ямщик лихой, седое время,
Везет, не слезет с облучка.

С утра садимся мы в телегу;
Мы рады голову сломать
И, презирая лень и негу,
Кричим: пошел! ........

Но в полдень нет уж той отваги;
Порастрясло нас; нам страшней
И косогоры и овраги;
Кричим: полегче, дуралей!

Катит по-прежнему телега;
Под вечер мы привыкли к ней
И дремля едем до ночлега,
А время гонит лошадей.",1823
31,Друзьям,"Вчера был день разлуки шумной,
Вчера был Вакха буйный пир,
При кликах юности безумной,
При громе чаш, при звуке лир.

Так! Музы вас благословили,
Венками свыше осеня,
Когда вы, други, отличили
Почетной чашею меня.

Честолюбивой позолотой
Не ослепляя наших глаз,
Она не суетной работой,
Не резьбою пленяла нас;

Но тем одним лишь отличалась,
Что, жажду скифскую поя,
Бутылка полная вливалась
В ее широкие края.

Я пил — и думою сердечной
Во дни минувшие летал
И горе жизни скоротечной
И сны любви воспоминал.

Меня смешила их измена:
И скорбь исчезла предо мной,
Как исчезает в чашах пена
Под зашипевшею струей.",1822
32,Песнь о Вещем Олеге,"Как ныне сбирается вещий Олег
Отмстить неразумным хозарам:
Их села и нивы за буйный набег
Обрек он мечам и пожарам;
С дружиной своей, в цареградской броне,
Князь по полю едет на верном коне.

Из темного леса навстречу ему
Идет вдохновенный кудесник,
Покорный Перуну старик одному,
Заветов грядущего вестник,
В мольбах и гаданьях проведший весь век.
И к мудрому старцу подъехал Олег.

«Скажи мне, кудесник, любимец богов,
Что сбудется в жизни со мною?
И скоро ль, на радость соседей-врагов,
Могильной засыплюсь землею?
Открой мне всю правду, не бойся меня:
В награду любого возьмешь ты коня».

«Волхвы не боятся могучих владык,
А княжеский дар им не нужен;
Правдив и свободен их вещий язык
И с волей небесною дружен.
Грядущие годы таятся во мгле;
Но вижу твой жребий на светлом челе.

Запомни же ныне ты слово мое:
Воителю слава — отрада;
Победой прославлено имя твое:
Твой щит на вратах Цареграда:
И волны и суша покорны тебе;
Завидует недруг столь дивной судьбе.

И синего моря обманчивый вал
В часы роковой непогоды,
И пращ, и стрела, и лукавый кинжал
Щадят победителя годы...
Под грозной броней ты не ведаешь ран;
Незримый хранитель могущему дан.

Твой конь не боится опасных трудов;
Он, чуя господскую волю,
То смирный стоит под стрелами врагов,
То мчится по бранному полю,
И холод и сеча ему ничего.
Но примешь ты смерть от коня своего».

Олег усмехнулся — однако чело
И взор омрачилися думой.
В молчанье, рукой опершись на седло,
С коня он слезает угрюмый;
И верного друга прощальной рукой
И гладит и треплет по шее крутой.

«Прощай, мой товарищ, мой верный слуга,
Расстаться настало нам время:
Теперь отдыхай! уж не ступит нога
В твое позлащенное стремя.
Прощай, утешайся — да помни меня.
Вы, отроки-други, возьмите коня!

Покройте попоной, мохнатым ковром;
В мой луг под уздцы отведите;
Купайте, кормите отборным зерном;
Водой ключевою поите».
И отроки тотчас с конем отошли,
А князю другого коня подвели.

Пирует с дружиною вещий Олег
При звоне веселом стакана.
И кудри их белы, как утренний снег
Над славной главою кургана...
Они поминают минувшие дни
И битвы, где вместе рубились они...

«А где мой товарищ?— промолвил Олег,—
Скажите, где конь мой ретивый?
Здоров ли? всё так же ль лего?к его бег?
Всё тот же ль он бурный, игривый?»
И внемлет ответу: на холме крутом
Давно уж почил непробудным он сном.

Могучий Олег головою поник
И думает: «Что же гаданье?
Кудесник, ты лживый, безумный старик!
Презреть бы твое предсказанье!
Мой конь и доныне носил бы меня».
И хочет увидеть он кости коня.

Вот едет могучий Олег со двора,
С ним Игорь и старые гости,
И видят: на холме, у брега Днепра,
Лежат благородные кости;
Их моют дожди, засыпает их пыль,
И ветер волнует над ними ковыль.

Князь тихо на череп коня наступил
И молвил: «Спи, друг одинокий!
Твой старый хозяин тебя пережил:
На тризне, уже недалекой,
Не ты под секирой ковыль обагришь
И жаркою кровью мой прах напоишь!

Так вот где таилась погибель моя!
Мне смертию кость угрожала!»
Из мертвой главы гробовая змия
Шипя между тем выползала;
Как черная лента, вкруг ног обвилась:
И вскрикнул внезапно ужаленный князь.

Ковши круговые, запенясь, шипят
На тризне плачевной Олега:
Князь Игорь и Ольга на холме сидят;
Дружина пирует у брега;
Бойцы поминают минувшие дни
И битвы, где вместе рубились они.",1822
33,В.Ф.Раевскому,"Не тем горжусь я, мой певец,
Что привлекать умел стихами
Вниманье пламенных сердец,
Играя смехом и слезами,

Не тем горжусь, что иногда
Мои коварные напевы
Смиряли в мыслях юной девы
Волненье страха и стыда,

Не тем, что у столба сатиры
Разврат и злобу я казнил,
И что грозящий голос лиры
Неправду в ужас приводил,

Что непреклонным вдохновеньем
И бурной юностью моей
И страстью воли и гоненьем
Я стал известен меж людей,—

Иная, высшая награда
Была мне роком суждена —
Самолюбивых дум отрада!
Мечтанья суетного сна!..",1822
34,Гречанке,"Ты рождена воспламенять
Воображение поэтов,
Его тревожить и пленять
Любезной живостью приветов,
Восточной странностью речей,
Блистаньем зеркальных очей
И этой ножкою нескромной;
Ты рождена для неги томной,
Для упоения страстей.
Скажи: когда певец Леилы
В мечтах небесных рисовал
Свой неизменный идеал,
Уж не тебя ль изображал
Поэт мучительный и милый?
Быть может, в дальней стороне,
Под небом Греции священной,
Тебя страдалец вдохновенный
Узнал иль видел, как во сне,
И скрылся образ незабвенный
В его сердечной глубине.
Быть может, лирою счастливой
Тебя волшебник искушал;
Невольный трепет возникал
В твоей груди самолюбивой,
И ты, склонясь к его плечу...
Нет, нет, мой друг, мечты ревнивой
Питать я пламя не хочу;
Мне долго счастье чуждо было.
Мне ново наслаждаться им,
И, тайной грустию томим,
Боюсь: неверно всё, что мило.",1822
35,Поэт,"Пока не требует поэта
К священной жертве Аполлон,
В заботах суетного света
Он малодушно погружен;
Молчит его святая лира;
Душа вкушает хладный сон,
И меж детей ничтожных мира,
Быть может, всех ничтожней он.

Но лишь божественный глагол
До слуха чуткого коснется,
Душа поэта встрепенется,
Как пробудившийся орел.
Тоскует он в забавах мира,
Людской чуждается молвы,
К ногам народного кумира
Не клонит гордой головы;
Бежит он, дикий и суровый,
И звуков и смятенья полн,
На берега пустынных волн,
В широкошумные дубровы...",1827
36,Талисман,"Там, где море вечно плещет
На пустынные скалы,
Где луна теплее блещет
В сладкий час вечерней мглы,
Где, в гаремах наслаждаясь,
Дни проводит мусульман,
Там волшебница, ласкаясь,
Мне вручила талисман.
И, ласкаясь, говорила:
«Сохрани мой талисман:
В нем таинственная сила!
Он тебе любовью дан.
От недуга, от могилы,
В бурю, в грозный ураган,
Головы твоей, мой милый,
Не спасет мой талисман.

И богатствами Востока
Он тебя не одарит,
И поклонников пророка
Он тебе не покорит;
И тебя на лоно друга,
От печальных чуждых стран,
В край родной на север с юга
Не умчит мой талисман...

Но когда коварны очи
Очаруют вдруг тебя,
Иль уста во мраке ночи
Поцелуют не любя —

Милый друг! от преступленья,
От сердечных новых ран,
От измены, от забвенья
Сохранит мой талисман!»",1827
37,"Весна, весна, пора любви","Весна, весна, пора любви,
Как тяжко мне твое явленье,
Какое томное волненье
В моей душе, в моей крови...
Как чуждо сердцу наслажденье...
Всё, что ликует и блестит,
Наводит скуку и томленье.
Отдайте мне метель и вьюгу
И зимний долгий мрак ночей.",1827
38,Утопленник,"Прибежали в избу дети,
Второпях зовут отца:
«Тятя! тятя! наши сети
Притащили мертвеца».
«Врите, врите, бесенята,—
Заворчал на них отец;—
Ох, уж эти мне робята!
Будет вам ужо мертвец!
Суд наедет, отвечай-ка;
С ним я ввек не разберусь;
Делать нечего; хозяйка,
Дай кафтан: уж поплетусь...
Где ж мертвец?» — «Вон, тятя, э-вот!»
В самом деле, при реке,
Где разостлан мокрый невод,
Мертвый виден на песке.

Безобразно труп ужасный
Посинел и весь распух.
Горемыка ли несчастный
Погубил свой грешный дух,
Рыболов ли взят волнами,
Али хмельный молодец,
Аль ограбленный ворами
Недогадливый купец?

Мужику какое дело?
Озираясь, он спешит;
Он потопленное тело
В воду за ноги тащит,
И от берега крутого
Оттолкнул его веслом,
И мертвец вниз поплыл снова
За могилой и крестом.

Долго мертвый меж волнами
Плыл качаясь, как живой;
Проводив его глазами,
Наш мужик пошел домой.
«Вы, щенки! за мной ступайте!
Будет вам по калачу,
Да смотрите ж, не болтайте,
А не то поколочу».

В ночь погода зашумела,
Взволновалася река.
Уж лучина догорела
В дымной хате мужика,
Дети спят, хозяйка дремлет,
На полатях муж лежит,
Буря воет; вдруг он внемлет:
Кто-то там в окно стучит.

«Кто там?»—«Эй, впусти, хозяин!»-
«Ну, какая там беда?
Что ты ночью бродишь, Каин?
Черт занес тебя сюда;
Где возиться мне с тобою?
Дома тесно и темно».
И ленивою рукою
Подымает он окно.

Из-за туч луна катится —
Что же? голый перед ним:
С бороды вода струится,
Взор открыт и недвижим,
Всё в нем страшно онемело,
Опустились руки вниз,
И в распухнувшее тело
Раки черные впились.

И мужик окно захлопнул:
Гостя голого узнав,
Так и обмер: «Чтоб ты лопнул!»
Прошептал он, задрожав.
Страшно мысли в нем мешались,
Трясся ночь он напролет,
И до утра всё стучались
Под окном и у ворот.

Есть в народе слух ужасный:
Говорят, что каждый год
С той поры мужик несчастный
В день урочный гостя ждет;
Уж с утра погода злится,
Ночью буря настает,
И утопленник стучится
Под окном и у ворот.",1828
39,"Рифма, звучная подруга","Рифма, звучная подруга
Вдохновенного досуга,
Вдохновенного труда,
Ты умолкла, онемела;
Ах, ужель ты улетела,
Изменила навсегда?
В прежни дни твой милый лепет
Усмирял сердечный трепет —
Усыплял мою печаль,
Ты ласкалась, ты манила
И от мира уводила
В очарованную даль.

Ты, бывало, мне внимала,
За мечтой моей бежала,
Как послушная дитя;
То, свободна и ревнива,
Своенравна и ленива,
С нею спорила шутя.

Я с тобой не расставался,
Сколько раз повиновался
Резвым прихотям твоим;
Как любовник добродушный,
Снисходительно послушный,
Был я мучим и любим.

О, когда бы ты явилась
В дни, как на небе толпилась
Олимпийская семья,
Ты бы с нею обитала,
И божественно б сияла
Родословная твоя.

Взяв божественную лиру,
Так поведали бы миру
Гезиод или Омир:
Феб однажды у Адмета
Близ тенистого Тайгета
Стадо пас, угрюм и сир.

Он бродил во мраке леса,
И никто, страшась Зевеса,
Из богинь иль из богов
Навещать его не смели —
Бога лиры и свирели,
Бога света и стихов.

Помня первые свиданья,
Усладить его страданья
Мнемозина притекла.
И подруга Аполлона
В темной роще Геликона
Плод восторгов родила.",1828
40,В прохладе сладостной фонтанов,"В прохладе сладостной фонтанов
И стен, обрызганных кругом,
Поэт, бывало, тешил ханов
Стихов гремучим жемчугом.
На нити праздного веселья
Низал он хитрою рукой
Прозрачной лести ожерелья
И четки мудрости златой.

Любили Крым сыны Саади,
Порой восточный краснобай
Здесь развивал свои тетради
И удивлял Бахчисарай.

Его рассказы расстилались,
Как эриванские ковры,
И ими ярко украшались
Гиреев ханские пиры.

Но ни один волшебник милый,
Владетель умственных даров,
Не вымышлял с такою силой,
Так хитро сказок и стихов,

Как прозорливый и крылатый
Поэт той чудной стороны,
Где мужи грозны и косматы,
А жены гуриям равны.",1828
41,Деревня,"Приветствую тебя, пустынный уголок,
Приют спокойствия, трудов и вдохновенья,
Где льется дней моих невидимый поток
На лоне счастья и забвенья.
Я твой - я променял порочный двор Цирцей,
Роскошные пиры, забавы, заблужденья
На мирный шум дубров, на тишину полей,
На праздность вольную, подругу размышленья.

Я твой - люблю сей темный сад
С его прохладой и цветами,
Сей луг, уставленный душистыми скирдами,
Где светлые ручьи в кустарниках шумят.

Везде передо мной подвижные картины:
Здесь вижу двух озер лазурные равнины,
Где парус рыбаря белеет иногда,
За ними ряд холмов и нивы полосаты,

Вдали рассыпанные хаты,
На влажных берегах бродящие стада,
Овины дымные и мельницы крилаты;
Везде следы довольства и труда...

Я здесь, от суетных оков освобожденный,
Учуся в Истине блаженство находить,
Свободною душой Закон боготворить,
Роптанью не внимать толпы непросвещенной,

Участьем отвечать застенчивой Мольбе
И не завидовать судьбе
Злодея иль глупца - в величии неправом.
Оракулы веков, здесь вопрошаю вас!

В уединенье величавом
Слышнее ваш отрадный глас.
Он гонит лени сон угрюмый,
К трудам рождает жар во мне,

И ваши творческие думы
В душевной зреют глубине.
Но мысль ужасная здесь душу омрачает:
Среди цветущих нив и гор

Друг человечества печально замечает
Везде Невежества убийственный Позор.
Не видя слез, не внемля стона,
На пагубу людей избранное Судьбой,

Здесь Барство дикое, без чувства, без Закона
Присвоило себе насильственной лозой
И труд, и собственность, и время земледельца.
Склонясь на чуждый плуг, покорствуя бичам,

Здесь Рабство тощее влачится по браздам
Неумолимого Владельца.
Здесь тягостный ярем до гроба все влекут,
Надежд и склонностей в душе питать не смея,

Здесь девы юные цветут
Для прихоти бесчувственной злодея.
Опора милая стареющих отцов,
Младые сыновья, товарищи трудов,

Из хижины родной идут собой умножить
Дворовые толпы измученных рабов.
О, если б голос мой умел сердца тревожить!
Почто в груди моей горит бесплодный жар
И не дан мне судьбой Витийства грозный дар?

Увижу ль, о друзья! народ неугнетенный
И Рабство, падшее по манию царя,
И над отечеством Свободы просвещенной
Взойдет ли наконец прекрасная Заря?",1819
42,Ты и я,"Ты богат, я очень беден;
Ты прозаик, я поэт;
Ты румян, как маков цвет,
Я как смерть и тощ, и бледен.

Не имея в век забот,
Ты живешь в огромном доме;
Я ж средь горя и хлопот
Провожу дни на соломе.

Ешь ты сладко всякой день,
Тянешь вины на свободе,
И тебе не редко лень
Нужный долг отдать природе;

Я же с черствого куска,
От воды сырой и пресной,
Сажен за сто с чердака
За нуждой бегу известной.

Окружен рабов толпой,
С грозным деспотизма взором,
Афедрон ты жирный свой
Подтираешь коленкором;

Я же грешную дыру
Не балую детской модой
И Хвостова жесткой одой,
Хоть и морщуся, да тру.",1820
43,Юрьеву,"Любимец ветреных Лаис,
Прелестный баловень Киприды —
Умей сносить, мой Адонис,
Ее минутные обиды!

Она дала красы младой
Тебе в удел очарованье,
И черный ус, и взгляд живой,
Любви улыбку и молчанье.

С тебя довольно, милый друг.
Пускай, желаний пылких чуждый,
Ты поцалуями подруг
Не наслаждаешься, что нужды?

В чаду веселий городских,
На легких играх Терпсихоры
К тебе красавиц молодых
Летят задумчивые взоры.

Увы! язык любви немой,
Сей вздох души красноречивый,
Быть должен сладок, милый мой,
Беспечности самолюбивой.

И счастлив ты своей судьбой.
А я, повеса вечно-праздный,
Потомок негров безобразный,

Взрощенный в дикой простоте,
Любви не ведая страданий,
Я нравлюсь юной красоте
Бесстыдным бешенством желаний;

С невольным пламенем ланит
Украдкой нимфа молодая,
Сама себя не понимая,
На фавна иногда глядит.",1820
44,Увы! за чем она блистает,"Увы! за чем она блистает
Минутной, нежной красотой?
Она приметно увядает
Во цвете юности живой...

Увянет! Жизнью молодою
Не долго наслаждаться ей;
Не долго радовать собою
Счастливый круг семьи своей,

Беспечной, милой остротою
Беседы наши оживлять
И тихой, ясною душою
Страдальца душу услаждать...

Спешу в волненьи дум тяжелых,
Сокрыв уныние мое,
Наслушаться речей веселых
И наглядеться на нее;

Смотрю на все ее движенья,
Внимаю каждый звук речей —
И миг единый разлученья
Ужасен для души моей.",1821
45,Погасло дневное светило,"Погасло дневное светило;
На море синее вечерний пал туман.
Шуми, шуми, послушное ветрило,
Волнуйся подо мной, угрюмый океан.

Я вижу берег отдаленный,
Земли полуденной волшебные края;
С волненьем и тоской туда стремлюся я,
Воспоминаньем упоенный...

И чувствую: в очах родились слезы вновь;
Душа кипит и замирает;
Мечта знакомая вокруг меня летает;
Я вспомнил прежних лет безумную любовь,

И всё, чем я страдал, и всё, что сердцу мило,
Желаний и надежд томительный обман...
Шуми, шуми, послушное ветрило,
Волнуйся подо мной, угрюмый океан.

Лети, корабль, неси меня к пределам дальным
По грозной прихоти обманчивых морей,
Но только не к брегам печальным
Туманной родины моей,

Страны, где пламенем страстей
Впервые чувства разгарались,
Где музы нежные мне тайно улыбались,
Где рано в бурях отцвела

Моя потерянная младость,
Где легкокрылая мне изменила радость
И сердце хладное страданью предала.
Искатель новых впечатлений,

Я вас бежал, отечески края;
Я вас бежал, питомцы наслаждений,
Минутной младости минутные друзья;
И вы, наперсницы порочных заблуждений,

Которым без любви я жертвовал собой,
Покоем, славою, свободой и душой,
И вы забыты мной, изменницы младые,
Подруги тайные моей весны златыя,

И вы забыты мной... Но прежних сердца ран,
Глубоких ран любви, ничто не излечило...
Шуми, шуми, послушное ветрило,
Волнуйся подо мной, угрюмый океан...",1820
46,Черная шаль,"Гляжу, как безумный, на черную шаль,
И хладную душу терзает печаль.

Когда легковерен и молод я был,
Младую гречанку я страстно любил;

Прелестная дева ласкала меня,
Но скоро я дожил до черного дня.

Однажды я созвал веселых гостей;
Ко мне постучался презренный еврей;

""С тобою пируют (шепнул он) друзья;
Тебе ж изменила гречанка твоя.""

Я дал ему злата и проклял его
И верного позвал раба моего.

Мы вышли; я мчался на быстром коне;
И кроткая жалость молчала во мне.

Едва я завидел гречанки порог,
Глаза потемнели, я весь изнемог...

В покой отдаленный вхожу я один...
Неверную деву лобзал армянин.

Не взвидел я света; булат загремел....
Прервать поцелуя злодей не успел.

Безглавое тело я долго топтал,
И молча на деву, бледнея, взирал.

Я помню моленья.... текущую кровь....
Погибла гречанка, погибла любовь!

С главы ее мертвой сняв черную шаль,
Отер я безмолвно кровавую сталь.

Мой раб, как настала вечерняя мгла,
В дунайские волны их бросил тела.

С тех пор не цалую прелестных очей,
С тех пор я не знаю веселых ночей.

Гляжу, как безумный, на черную шаль
И хладную душу терзает печаль.",1820
47,Земля и море,"Когда по синеве морей
Зефир скользит и тихо веет
В ветрила гордых кораблей
И челны на волнах лелеет;

Забот и дум слогая груз,
Тогда ленюсь я веселее -
И забываю песни Муз:
Мне моря сладкий шум милее.

Когда же волны по брегам
Ревут, кипят и пеной плещут,
И гром гремит по небесам,
И молнии во мраке блещут -

Я удаляюсь от морей
В гостеприимные дубровы;
Земля мне кажется верней,
И жалок мне рыбак суровый;

Живет на утлом он челне,
Игралище слепой пучины.
А я в надежной тишине
Внимаю шум ручья долины.",1821
48,Война,"Война! Подъяты наконец,
Шумят знамены бранной чести!
Увижу кровь, увижу праздник мести;
Засвищет вкруг меня губительный свинец.

И сколько сильных впечатлений
Для жаждущей души моей!
Стремленье бурных ополчений,
Тревоги стана, звук мечей,

И в роковом огне сражений
Паденье ратных и вождей!
Предметы гордых песнопений
Разбудят мой уснувший гений! -

Всё ново будет мне: простая сень шатра,
Огни врагов, их чуждое взыванье,
Вечерний барабан, гром пушки, визг ядра
И смерти грозной ожиданье.

Родишься ль ты во мне, слепая славы страсть,
Ты, жажда гибели, свирепый жар героев?
Венок ли мне двойной достанется на часть,
Кончину ль темную судил мне жребий боев?

И всё умрет со мной: надежды юных дней,
Священный сердца жар, к высокому стремленье,
Воспоминание и брата и друзей,
И мыслей творческих напрасное волненье,

И ты, и ты, любовь!... Ужель ни бранный шум,
Ни ратные труды, ни ропот гордой Славы,
Ничто не заглушит моих привычных дум?
Я таю, жертва злой отравы:

Покой бежит меня, нет власти над собой,
И тягостная лень душою овладела...
Что ж медлит ужас боевой?
Что ж битва первая еще не закипела?",1821
49,Дельвигу,"Друг Дельвиг, мой парнасский брат,
Твоей я прозой был утешен,
Но признаюсь, барон, я грешен:
Стихам я больше был бы рад.

Ты знаешь сам: в минувши годы
Я на брегу парнасских вод
Любил марать поэмы, оды,
И даже зрел меня народ

На кукольном театре моды.
Бывало, что ни напишу,
Всё для иных не Русью пахнет;
Об чем цензуру ни прошу,

Ото всего Т<имковский> ахнет.
Теперь едва, едва дышу!
От воздержанья муза чахнет,
И редко, редко с ней грешу.

К неверной Славе я хладею;
И по привычке лишь одной
Лениво волочусь за нею,
Как муж за гордою женой.

Я позабыл ее обеты,
Одна свобода мой кумир,
Но всё люблю, мои поэты,
Счастливый голос ваших лир.

Так точно, позабыв сегодня
Проказы младости своей,
Глядит с улыбкой ваша сводня
На шашни молодых блядей.",1821
50,Кинжал,"Лемносской бог тебя сковал
Для рук бессмертной Немезиды,
Свободы тайный страж, карающий кинжал,
Последний судия Позора и Обиды.

Где Зевса гром молчит, где дремлет меч Закона,
Свершитель ты проклятий и надежд,
Ты кроешься под сенью трона,
Под блеском праздничных одежд.

Как адской луч, как молния богов,
Немое лезвие злодею в очи блещет,
И озираясь он трепещет,
Среди своих пиров.

Везде его найдет удар нежданный твой:
На суше, на морях, во храме, под шатрами,
За потаенными замками,
На ложе сна, в семье родной.

Шумит под Кесарем заветный Рубикон,
Державный Рим упал, главой поник Закон;
Но Брут восстал вольнолюбивый:
Ты Кесаря сразил - и мертв объемлет он
Помпея мрамор горделивый.

Исчадье мятежей подъемлет злобный крик:
Презренный, мрачный и кровавый,
Над трупом Вольности безглавой
Палач уродливый возник.

Апостол гибели, усталому Аиду
Перстом он жертвы назначал,
Но вышний суд ему послал
Тебя и деву Эвмениду.

О юный праведник, избранник роковой,
О Занд, твой век угас на плахе;
Но добродетели святой
Остался глас в казненном прахе.

В твоей Германии ты вечной тенью стал,
Грозя бедой преступной силе -
И на торжественной могиле
Горит без надписи кинжал.",1821
51,Чаадаеву,"В стране, где я забыл тревоги прежних лет,
Где прах Овидиев пустынный мой сосед,
Где слава для меня предмет заботы малой,
Тебя недостает душе моей усталой.

Врагу стеснительных условий и оков,
Не трудно было мне отвыкнуть от пиров,
Где праздный ум блестит, тогда как сердце дремлет,
И правду пылкую приличий хлад объемлет.

Оставя шумный круг безумцев молодых,
В изгнании моем я не жалел об них;
Вздохнув, оставил я другие заблужденья,
Врагов моих предал проклятию забвенья,

И, сети разорвав, где бился я в плену,
Для сердца новую вкушаю тишину.
В уединении мой своенравный гений
Познал и тихий труд, и жажду размышлений.

Владею днем моим; с порядком дружен ум;
Учусь удерживать вниманье долгих дум;
Ищу вознаградить в объятиях свободы
Мятежной младостью утраченные годы

И в просвещении стать с веком наравне.
Богини мира, вновь явились музы мне
И независимым досугам улыбнулись;
Цевницы брошенной уста мои коснулись;

Старинный звук меня обрадовал: и вновь
Пою мои мечты, природу и любовь,
И дружбу верную, и милые предметы,
Пленявшие меня в младенческие леты,

В те дни, когда, еще не знаемый никем,
Не зная ни забот, ни цели, ни систем,
Я пеньем оглашал приют забав и лени
И царскосельские хранительные сени.

Но дружбы нет со мной: печальный, вижу я
Лазурь чужих небес, полдневные края;
Ни музы, ни труды, ни радости досуга,
Ничто не заменит единственного друга.

Ты был ценителем моих душевных сил;
О неизменный друг, тебе я посвятил
И краткий век, уже испытанный судьбою,
И чувства, может быть спасенные тобою!

Ты сердце знал мое во цвете юных дней;
Ты видел, как потом в волнении страстей
Я тайно изнывал, страдалец утомленный;
В минуту гибели над бездной потаенной

Ты поддержал меня недремлющей рукой;
Ты другу заменил надежду и покой;
Во глубину души вникая строгим взором,
Ты оживлял ее советом иль укором;

Твой жар воспламенял к высокому любовь;
Терпенье смелое во мне рождалось вновь;
Уж голос клеветы не мог меня обидеть:
Умел я презирать, умея ненавидеть.

Что нужды было мне в торжественном суде
Холопа знатного, невежды при звезде,
Или философа, который в прежни лета
Развратом изумил четыре части света,

Но, просветив себя, загладил свой позор:
Отвыкнул от вина и стал картежный вор?
Оратор Лужников, никем не замечаем,
Мне мало досаждал своим безвредным лаем.

Мне ль было сетовать о толках шалунов,
О лепетанье дам, зоилов и глупцов
И сплетней разбирать игривую затею,
Когда гордиться мог я дружбою твоею?

Благодарю богов: прешел я мрачный путь;
Печали ранние мою теснили грудь;
К печалям я привык, расчелся я с судьбою
И жизнь перенесу стоической душою.

Одно желание: останься ты со мной!
Небес я не томил молитвою другой.
О скоро ли, мой друг, настанет срок разлуки?
Когда соединим слова любви и руки?

Когда услышу я сердечный твой привет?
Как обниму тебя! Увижу кабинет,
Где ты всегда мудрец, а иногда мечтатель
И ветреной толпы бесстрастный наблюдатель;

Приду, приду я вновь, мой милый домосед,
С тобою вспоминать беседы прежних лет,
Младые вечера, пророческие споры,
Знакомых мертвецов живые разговоры;

Поспорим, перечтем, посудим, побраним,
Вольнолюбивые надежды оживим,
И счастлив буду я; но только, ради бога,
Гони ты Шепинга от нашего порога.",1821
52,"Кто видел край, где роскошью природы","Кто видел край, где роскошью природы
Оживлены дубравы и луга,
Где весело шумят и блещут воды
И мирные ласкают берега,
Где на холмы под лавровые своды
Не смеют лечь угрюмые снега?
Скажите мне: кто видел край прелестный,
Где я любил, изгнанник неизвестный?

Златой предел! любимый край Эльвины,
К тебе летят желания мои!
Я помню скал прибрежные стремнины,
Я помню вод веселые струи,
И тень, и шум — и красные долины,
Где в тишине простых татар семьи
Среди забот и с дружбою взаимной
Под кровлею живут гостеприимной.

Всё живо там, всё там очей отрада,
Сады татар, селенья, города;
Отражена волнами скал громада,
В морской дали теряются суда,
Янтарь висит на лозах винограда;
В лугах шумят бродящие стада...
И зрит пловец — могила Митридата
Озарена сиянием заката.

И там, где мирт шумит над падшей урной,
Увижу ль вновь сквозь темные леса
И своды скал, и моря блеск лазурный,
И ясные, как радость, небеса?
Утихнет ли волненье жизни бурной?
Минувших лет воскреснет ли краса?
Приду ли вновь под сладостные тени
Душой уснуть на лоне мирной лени?",1821
53,О муза пламенной сатиры!,"О муза пламенной сатиры!
Приди на мой призывный клич!
Не нужно мне гремящей лиры,
Вручи мне Ювеналов бич!

Не подражателям холодным,
Не переводчикам голодным,
Не безответным рифмачам
Готовлю язвы эпиграмм!

Мир вам, несчастные поэты,
Мир вам, журнальные клевреты,
Мир вам, смиренные глупцы!
А вы, ребята подлецы,—

Вперед! Всю вашу сволочь буду
Я мучить казнию стыда!
Но если же кого забуду,
Прошу напомнить, господа!

О, сколько лиц бесстыдно-бледных,
О, сколько лбов широко-медных
Готовы от меня принять
Неизгладимую печать!",1825
54,Какая ночь! Мороз трескучий,"Какая ночь! Мороз трескучий,
На небе ни единой тучи;
Как шитый полог, синий свод
Пестреет частыми звездами.
В домах всё темно. У ворот
Затворы с тяжкими замками.
Везде покоится народ:
Утих и шум, и крик торговый,
Лишь только лает страж дворовый
Да цепью звонкою гремит.

И вся Москва покойно спит,
Забыв волнение боязни.
А площадь в сумраке ночном
Стоит, полна вчерашней казни,
Мучений свежий след кругом:
Где труп, разрубленный с размаха,
Где столп, где вилы; там котлы,
Остывшей полные смолы;
Здесь опрокинутая плаха;
Торчат железные зубцы,
С костями груды пепла тлеют,
На кольях, скорчась, мертвецы
Оцепенелые чернеют...
Недавно кровь со всех сторон
Струею тощей снег багрила,
И подымался томный стон,
Но смерть уже, как поздний сон,
Свою добычу захватила.
Кто там? Чей конь во весь опор
По грозной площади несется?

Чей свист, чей громкий разговор
Во мраке ночи раздается?
Кто сей?— Кромешник удалой.
Спешит, летит он на свиданье,
В его груди кипит желанье,
Он говорит: «Мой конь лихой,
Мой верный конь! лети стрелой!
Скорей, скорей!..» Но конь ретивый
Вдруг размахнул плетеной гривой
И стал. Во мгле между столпов
На перекладине дубовой
Качался труп. Ездок суровый
Под ним промчаться был готов,
Но борзый конь под плетью бьется,
Храпит, и фыркает, и рвется
Назад. «Куда? мой конь лихой!
Чего боишься? Что с тобой?
Не мы ли здесь вчера скакали,
Не мы ли яростно топтали,
Усердной местию горя,
Лихих изменников царя?
Не их ли кровию омыты
Твои булатные копыты!
Теперь ужель их не узнал?
Мой борзый конь, мой конь удалый,
Несись, лети!..» И конь усталый
В столбы под трупом проскакал.",1827
55,Друзьям 2.0,"Нет, я не льстец, когда царю
Хвалу свободную слагаю:
Я смело чувства выражаю,
Языком сердца говорю.

Его я просто полюбил:
Он бодро, честно правит нами;
Россию вдруг он оживил
Войной, надеждами, трудами.

О нет! хоть юность в нем кипит,
Но не жесток в нем дух державный;
Тому, кого карает явно,
Он втайне милости творит.

Текла в изгнанье жизнь моя;
Влачил я с милыми разлуку,
Но он мне царственную руку
Простер — и с вами снова я.

Во мне почтил он вдохновенье;
Освободил он мысль мою.
И я ль в сердечном умиленье
Ему хвалы не воспою?

Я льстец! Нет, братья, льстец лукав:
Он горе на царя накличет,
Он из его державных прав
Одну лишь милость ограничит.

Он скажет: презирай народ,
Глуши природы голос нежный.
Он скажет: просвещенья плод —
Разврат и некий дух мятежный.

Беда стране, где раб и льстец
Одни приближены к престолу,
А небом избранный певец
Молчит, потупя очи долу.",1828
56,"Сто лет минуло, как тевтон","Сто лет минуло, как тевтон
В крови неверных окупался;
Страной полночной правил он.
Уже прусак в оковы вдался,
Или сокрылся, и в Литву
Понес изгнанную главу.

Между враждебными брегами
Струился Немен; на одном
Еще над древними стенами
Сияли башни и кругом
Шумели рощи вековые,
Духов пристанища святые,
Символ германца, на другом
Крест веры, в небо возносящий
Свои объятия грозящи,
Казалось, свыше захватить
Хотел всю область Палемона
И племя чуждого закона
К своей подошве привлачить.

С медвежьей кожей на плечах,
В косматой рысьей шапке, с пуком
Каленых стрел и с верным луком,
Литовцы юные, в толпах,
Со стороны одной бродили
И зорко недруга следили.
С другой, покрытый шишаком,
В броне закованный, верхом,
На страже немец, за врагами
Недвижно следуя глазами,
Пищаль, с молитвой, заряжал.

Всяк переправу охранял:
Ток Немена гостеприимный,
Свидетель их вражды взаимной,
Стал прагом вечности для них;
Сношений дружных глас утих,
И всяк, переступивший воды,
Лишен был жизни иль свободы.
Лишь хмель литовских берегов,
Немецкой тополью плененный,
Через реку, меж тростников,
Переправлялся дерзновенный,
Брегов противных достигал
И друга нежно обнимал.
Лишь соловьи дубрав и гор
По старине вражды не знали
И в остров, общий с давних пор,
Друг к другу в гости прилетали.",1828
57,Кавказ,"Кавказ подо мною. Один в вышине
Стою над снегами у края стремнины:
Орел, с отдаленной поднявшись вершины,
Парит неподвижно со мной наравне.
Отселе я вижу потоков рожденье
И первое грозных обвалов движенье.

Здесь тучи смиренно идут подо мной;
Сквозь них, низвергаясь, шумят водопады;
Под ними утесов нагие громады;
Там ниже мох тощий, кустарник сухой;
А там уже рощи, зеленые сени,
Где птицы щебечут, где скачут олени.

А там уж и люди гнездятся в горах,
И ползают овцы по злачным стремнинам,
И пастырь нисходит к веселым долинам,
Где мчится Арагва в тенистых брегах,
И нищий наездник таится в ущелье,
Где Терек играет в свирепом веселье;

Играет и воет, как зверь молодой,
Завидевший пищу из клетки железной;
И бьется о берег в вражде бесполезной
И лижет утесы голодной волной...
Вотще! нет ни пищи ему, ни отрады:
Теснят его грозно немые громады.",1829
58,Заклинание,"О, если правда, что в ночи,
Когда покоятся живые
И с неба лунные лучи
Скользят на камни гробовые,
О, если правда, что тогда
Пустеют тихие могилы,—
Я тень зову, я жду Лейлы:
Ко мне, мой друг, сюда, сюда!

Явись, возлюбленная тень,
Как ты была перед разлукой,
Бледна, хладна, как зимний день,
Искажена последней мукой.
Приди, как дальная звезда,
Как легкий звук иль дуновенье,
Иль как ужасное виденье,
Мне всё равно: сюда, сюда!..

Зову тебя не для того,
Чтоб укорять людей, чья злоба
Убила друга моего,
Иль чтоб изведать тайны гроба,
Не для того, что иногда
Сомненьем мучусь... но, тоскуя,
Хочу сказать, что всё люблю я,
Что всё я твой: сюда, сюда!",1830
59,Стамбул,"Стамбул гяуры нынче славят,
А завтра кованой пятой,
Как змия спящего, раздавят
И прочь пойдут и так оставят.
Стамбул заснул перед бедой.

Стамбул отрекся от пророка;
В нем правду древнего Востока
Лукавый Запад омрачил —
Стамбул для сладостей порока
Мольбе и сабле изменил.
Стамбул отвык от поту битвы
И пьет вино в часы молитвы.

Там веры чистый луч потух:
Там жены по базару ходят,
На перекрестки шлют старух,
А те мужчин в харемы вводят,
И спит подкупленный евнух.

Но не таков Арзрум нагорный,
Многодорожный наш Арзрум:
Не спим мы в роскоши позорной,
Не черплем чашей непокорной
В вине разврат, огонь и шум.

Постимся мы: струею трезвой
Одни фонтаны нас поят;
Толпой неистовой и резвой
Джигиты наши в бой летят.
Мы к женам, как орлы, ревнивы,

Харемы наши молчаливы,
Непроницаемы стоят.
Алла велик! К нам из Стамбула
Пришел гонимый янычар —
Тогда нас буря долу гнула,
И пал неслыханный удар.
От Рущука до старой Смирны,
От Трапезунда до Тульчи,
Скликая псов на праздник жирный,
Толпой ходили палачи;
Треща в объятиях пожаров,
Валились домы янычаров;
Окровавленные зубцы
Везде торчали; угли тлели;
На кольях скорчась, мертвецы
Оцепенелые чернели.
Алла велик.— Тогда султан
Был духом гнева обуян.",1830
60,Странник,"I

Однажды, странствуя среди долины дикой,
Незапно был объят я скорбию великой
И тяжким бременем подавлен и согбен.
Как тот, кто на суде в убийстве уличен.
Потупя голову, в тоске ломая руки,
Я в воплях изливал души пронзенной муки
И горько повторял, метаясь как больной:
«Что делать буду я? что станется со мной?»

II

И так я, сетуя, в свой дом пришел обратно.
Уныние мое всем было непонятно.
При детях и жене сначала я был тих
И мысли мрачные хотел таить от них;
Но скорбь час от часу меня стесняла боле;
И сердце наконец раскрыл я поневоле.

«О горе, горе нам! Вы, дети, ты, жена! —
Сказал я,— ведайте: моя душа полна
Тоской и ужасом; мучительное бремя
Тягчит меня. Идет! уж близко, близко время:
Наш город пламени и ветрам обречен;
Он в угли и золу вдруг будет обращен,
И мы погибнем все, коль не успеем вскоре
Обресть убежище; а где? о горе, горе!»

III

Мои домашние в смущение пришли
И здравый ум во мне расстроенным почли.
Но думали, что ночь и сна покой целебный
Охолодят во мне болезни жар враждебный.
Я лег, но во всю ночь всё плакал и вздыхал
И ни на миг очей тяжелых не смыкал.
Поутру я один сидел, оставя ложе.
Они пришли ко мне; на их вопрос я то же,
Что прежде, говорил. Тут ближние мои,
Не доверяя мне, за должное почли
Прибегнуть к строгости. Они с ожесточеньем
Меня на правый путь и бранью и презреньем
Старались обратить. Но я, не внемля им,
Всё плакал и вздыхал, унынием тесним.
И наконец они от крика утомились
И от меня, махнув рукою, отступились
Как от безумного, чья речь и дикий плач
Докучны и кому суровый нужен врач.

IV

Пошел я вновь бродить, уныньем изнывая
И взоры вкруг себя со страхом обращая,
Как раб, замысливший отчаянный побег,
Иль путник, до дождя спешащий на ночлег.
Духовный труженик — влача свою веригу,
Я встретил юношу, читающего книгу.
Он тихо поднял взор — и вопросил меня,
О чем, бродя один, так горько плачу я?
И я в ответ ему: «Познай мой жребий злобный:
Я осужден на смерть и позван в суд загробный —
И вот о чем крушусь: к суду я не готов,
И смерть меня страшит».
«Коль жребий твой таков,—
Он возразил,— и ты так жалок в самом деле,
Чего ж ты ждешь? зачем не убежишь отселе?»
И я: «Куда ж бежать? какой мне выбрать путь?»
Тогда: «Не видишь ли, скажи, чего-нибудь?» —
Сказал мне юноша, даль указуя перстом.
Я оком стал глядеть болезненно-отверстым,
Как от бельма врачом избавленный слепец.
«Я вижу некий свет»,— сказал я наконец.
«Иди ж,— он продолжал,— держись сего ты света;
Пусть будет он тебе единственная мета,
Пока ты тесных врат спасенья не достиг,
Ступай!» — И я бежать пустился в тот же миг.

V

Побег мой произвел в семье моей тревогу,
И дети и жена кричали мне с порогу,
Чтоб воротился я скорее. Крики их
На площадь привлекли приятелей моих;
Один бранил меня, другой моей супруге
Советы подавал, иной жалел о друге,
Кто поносил меня, кто на смех подымал,
Кто силой воротить соседям предлагал;
Иные уж за мной гнались; но я тем боле
Спешил перебежать городовое поле,
Дабы скорей узреть — оставя те места,
Спасенья верный путь и тесные врата.",1836
